编号,章节,公司或主题,事实或计算,期间与口径,来源,链接,证据属性,支持的判断,不能支持的判断,强度
I01,第一章,中国体育产业,"体育产业总产出38421亿元、增加值16033亿元；体育用品制造增加值4245亿元",2024年,国家统计局,"https://www.stats.gov.cn/sj/zxfb/202512/t20251231_1962228.html",官方统计,运动消费和体育用品具备较大产业基础,不能直接等同运动鞋服市场规模,强
I02,第一章,中国体育用品,"2024年制造与销售总产出20850亿元；2025年运动服饰销售增长7.38%；四大电商平台体育用品销售4493.94亿元并增长15.89%",2024至2025年,国家体育总局,"https://www.sport.gov.cn/n20001280/n20067608/n20067635/c29638558/content.html",政府行业报告,行业仍增长且线上渠道重要,不能证明所有品牌均能获得相同增速,强
I03,第一章,户外运动,国家部署建设高质量户外运动目的地,2025年政策,中国政府网,"https://app.www.gov.cn/govdata/gov/202501/22/523935/articleNew.html",政策文件,户外细分场景受到政策推动,不能推导具体品牌收入增长,强
A01,第二章,安踏,"收入802.19亿元、同比增长13.3%；经营利润190.91亿元、经营利润率23.8%",2025财年,安踏体育年度业绩,"https://ir.anta.com/en/news_detail.php?id=160710",公司正式披露,安踏在国内样本中规模和盈利领先,不能单独证明组织模式更优,强
A02,第二章,安踏,"安踏品牌收入347.50亿元、FILA收入284.68亿元、其他品牌收入170.01亿元；其他品牌增长59.2%",2025财年,安踏体育年度业绩,"https://ir.anta.com/en/news_detail.php?id=160710",公司正式披露,品牌组合尤其其他品牌是主要增长来源,不能识别各品牌增长的内部组织原因,强
A03,第二章,安踏,平均库存周转天数137天,2025财年,安踏体育2025年报,"https://www1.hkexnews.hk/listedco/listconews/sehk/2026/0409/2026040900840.pdf",经审计年报,库存与资本效率需要纳入组合治理,不能不经业务结构校正就判定效率低于同行,强
A04,第二章,安踏,员工超过69100人,截至2025年末,安踏体育年度业绩,"https://ir.anta.com/en/news_detail.php?id=160710",公司正式披露,可在明确边界后测算集团人均指标,不能与以分销为主企业直接排名,强
A05,第三章,安踏,提出三大品牌群并强调多品牌协同、零售运营、全球化与资源整合能力,2024至2026战略,安踏体育战略发布,"https://ir.anta.com/sc/news_detail.php?id=126812",公司战略披露,支持品牌经营单元与集团平台并存的判断,不能证明平台协同已经有效兑现,强
A06,第三章,安踏,"两名联席CEO分别覆盖品牌经营、海外及集团职能；董事长负责战略、人才、文化、治理与并购等",当前官网披露,安踏董事及高级管理层,"https://ir.anta.com/sc/about_bod.php",公司治理披露,支持集团层与品牌层分工分析,不能还原非公开的实际决策权与协作质量,强
A07,第三章,安踏,"收购JACK WOLFSKIN并组建联合管理团队；与MUSINSA设立中国合资公司且安踏持股40%",2025年,安踏公司公告,"https://ir.anta.com/sc/news_detail.php?id=153056",公司正式披露,说明资产类型和合作关系日益多样,不能推导整合结果已经成功,强
A08,第三章,安踏,"拟以15亿欧元现金收购PUMA约29.06%股份，同时强调支持其管理层和品牌自主性",2026年,安踏公司公告,"https://ir.anta.com/sc/news_detail.php?id=159082",公司正式披露,支持差异化资本治理而非统一经营整合的需要,不能预测交易完成后的协同效果,强
L01,第二章,李宁,"收入295.98亿元、经营利润率13.2%、净利率9.9%、ROE10.9%",2025财年,李宁财务指标,"https://ir.lining.com/en/ir/highlights.php",公司正式披露,提供成熟单品牌经营参照,不能直接评价品牌势能或组织健康度,强
L02,第二章,李宁,平均库存周转天数64天,2025财年,李宁财务指标,"https://ir.lining.com/en/ir/highlights.php",公司正式披露,支持库存效率横向观察,不能忽略渠道结构差异做直接优劣结论,强
L03,第二章,李宁,"员工5152人；分销渠道占收入46.6%且增长6.3%，直营零售收入下降3.3%",2025财年,李宁2025年报,"https://www1.hkexnews.hk/listedco/listconews/sehk/2026/0422/2026042200804.pdf",经审计年报,解释其人效和渠道结构与安踏不同,不能证明分销模式必然优于直营,强
X01,第二章,特步,"收入141.51亿元、经营利润率14.3%、净利率9.7%、ROE14.5%",2025财年,特步财务指标,"https://www.xtep.com.hk/en/ir/overview.php?cat=finhigh&year=annual",公司正式披露,提供聚焦型多品牌经营参照,不能单独证明品牌孵化成功,强
X02,第二章,特步,"主品牌增长1.5%、专业运动分部增长30.8%；电商占主品牌收入超过三分之一",2025财年,特步年度业绩,"https://www.xtep.com.hk/sc/media/news-item.php?item=p260326",公司正式披露,支持第二增长曲线正在形成,不能判断增量的长期盈利质量,强
X03,第二章,特步,"员工约8800人，其中生产员工占58.8%；库存周转77天",截至2025年末及2025财年,特步2025年报,"https://doc.irasia.com/listco/hk/xtep/annual/2025/ar2025.pdf",经审计年报,说明员工结构显著影响人效比较并提供库存参照,不能直接与轻资产企业做人员效率排名,强
S01,第二章,361度,"收入111.46亿元、经营利润率15.9%、净利率11.7%、ROE13.5%",2025财年,361度2025年报,"https://www.hkexnews.hk/listedco/listconews/sehk/2026/0408/2026040800800.pdf",经审计年报,提供大众品牌扩张样本,不能独立评价品牌高端化能力,强
S02,第二章,361度,"员工6932人；库存周转117天；电商收入占29.5%并增长25.9%",2025财年,361度2025年报,"https://www.hkexnews.hk/listedco/listconews/sehk/2026/0408/2026040800800.pdf",经审计年报,支持渠道扩张与运营资本同时观察,不能证明库存上升完全由电商或扩张导致,强
S03,第三章,361度,主要依靠独家区域第三方分销商开展国内销售,2025财年,361度2025年报,"https://www.hkexnews.hk/listedco/listconews/sehk/2026/0408/2026040800800.pdf",经审计年报,支持渠道联邦型组织判断,不能还原总部与经销商的非公开权责细节,强
N01,第二章,NIKE,"收入463.98亿美元、经营利润率约8.3%、员工约73000人；大中华区收入下降11%",截至2026年5月31日财年,NIKE 10-K,"https://www.sec.gov/Archives/edgar/data/320187/000032018726000088/nke-20260531.htm",监管申报,提供全球规模品牌经营参照,不能与中国企业按不同会计和地域口径直接排名,强
N02,第三章,NIKE,组织轴线由男装女装儿童转向跑步篮球足球等运动项目并赋予团队收入利润率和份额责任,2025至2026年组织调整,NIKE官方访谈,"https://about.nike.com/en/magazine/elliott-hill-ceo-of-sport-interview",公司管理层披露,支持以运动场景形成端到端责任的组织模式判断,不能证明调整结果已经实现,中强
N03,第三章,NIKE,"NIKE、Jordan与Converse的创新设计和产品能力整合为共同创新引擎",2025年组织调整,NIKE官方新闻,"https://about.nike.com/en/newsroom/releases/nike-new-innovation-engine-announcement",公司正式披露,支持全球平台集中与业务责任并存的判断,不能判断跨品牌协同质量,强
D01,第二章,adidas,"收入248.11亿欧元、经营利润率8.3%、归母净利率约5.4%、员工64938人",2025财年,adidas财务摘要,"https://report.adidas-group.com/2025/en/at-a-glance/financial-highlights-2025.html",经审计年报,提供全球单品牌多市场参照,不能与中国企业按不同地域和币种直接排名,强
D02,第三章,adidas,"总部提供全球框架，市场可选择货品、开发本地产品并选择合作伙伴与商业模式；批发与DTC占比60%和40%",2025财年,adidas市场与销售渠道,"https://report.adidas-group.com/2025/en/group-management-report-our-company/description-of-business-model/markets-and-sales-channels.html",经审计年报,支持全球品牌框架与本地市场授权并存的组织判断,不能还原内部决策效率和冲突,强
